group,mean_change,std_change,num_at_near_bounds,percent_at_near_bounds,initial_cv,current_cv,num_cv_dec
wind0,31.0422,6.72773,9,0,4.56224,2.84658,2
beta,0.341049,7.59045,1,0,0.332304,0.308131,0
diffusion_coefficient,0.19287,7.42659,0,0,0.0781101,0.0724489,0
eruption_mass,0.0241411,8.90341,0,0,0.020921,0.0190629,0
fall_time_threshold,0.0235369,5.44062,0,0,0.0168569,0.0159435,0
median_grainsize,86.2348,6.75493,0,0,24.9318,168.887,0
plume_height,0.00738611,4.373,0,0,0.00505998,0.00483906,0
std_grainsize,0.0105145,6.8736,0,0,0.168581,0.156977,0
