group,mean_change,std_change,num_at_near_bounds,percent_at_near_bounds,initial_cv,current_cv,num_cv_dec
wind0,35.5998,18.3777,1,0,4.56224,17.9674,2
beta,5.59493,17.246,0,0,0.332304,0.291292,0
diffusion_coefficient,0.742871,18.4824,0,0,0.0781101,0.06415,0
eruption_mass,0.136839,22.7127,0,0,0.020921,0.0161472,0
fall_time_threshold,0.0880162,15.8536,0,0,0.0168569,0.0141969,0
median_grainsize,643.888,18.9528,0,0,24.9318,3.7152,1
plume_height,0.0512499,14.881,0,0,0.00505998,0.00430921,0
std_grainsize,0.285623,16.0477,0,0,0.168581,0.141124,0
