group,mean_change,std_change,num_at_near_bounds,percent_at_near_bounds,initial_cv,current_cv,num_cv_dec
wind0,32.6809,8.91208,4,0,4.56224,2.77381,2
beta,0.667424,9.67973,1,0,0.332304,0.302154,0
diffusion_coefficient,0.240423,9.24631,0,0,0.0781101,0.0710587,0
eruption_mass,0.0104404,11.2661,0,0,0.020921,0.018566,0
fall_time_threshold,0.0280188,6.98481,0,0,0.0168569,0.0156839,0
median_grainsize,153.263,9.19764,0,0,24.9318,42.5033,0
plume_height,0.00903587,5.96028,0,0,0.00505998,0.00475882,0
std_grainsize,0.158763,8.35115,0,0,0.168581,0.154257,0
