group,mean_change,std_change,num_at_near_bounds,percent_at_near_bounds,initial_cv,current_cv,num_cv_dec
wind0,98.4361,65.0193,0,0,4.56224,0.800427,12
beta,34.8663,61.1987,0,0,0.332304,0.197959,0
diffusion_coefficient,9.05877,67.3404,0,0,0.0781101,0.0280516,0
eruption_mass,1.71449,70.5526,0,0,0.020921,0.00605685,1
fall_time_threshold,0.756634,63.2561,0,0,0.0168569,0.0062411,0
median_grainsize,2171.9,69.6689,0,0,24.9318,0.364983,1
plume_height,0.200815,61.2821,0,0,0.00505998,0.00196306,0
std_grainsize,1.15761,62.4969,0,0,0.168581,0.0624995,0
