group,mean_change,std_change,num_at_near_bounds,percent_at_near_bounds,initial_cv,current_cv,num_cv_dec
wind0,62.8788,35.9277,0,0,4.56224,1.95164,4
beta,18.4043,32.9339,0,0,0.332304,0.273131,0
diffusion_coefficient,2.54724,36.0975,0,0,0.0781101,0.051219,0
eruption_mass,0.668053,40.8512,0,0,0.020921,0.0122924,0
fall_time_threshold,0.377296,33.7387,0,0,0.0168569,0.0112119,0
median_grainsize,1275.58,36.6498,0,0,24.9318,1.34353,1
plume_height,0.119928,33.3962,0,0,0.00505998,0.00337418,0
std_grainsize,0.238795,32.6351,0,0,0.168581,0.113836,0
