group,mean_change,std_change,num_at_near_bounds,percent_at_near_bounds,initial_cv,current_cv,num_cv_dec
wind0,42.5089,19.783,1,0,4.56224,8.08919,2
beta,6.28235,18.054,0,0,0.332304,0.290564,0
diffusion_coefficient,0.927221,20.2931,0,0,0.0781101,0.0628419,0
eruption_mass,0.133906,24.1966,0,0,0.020921,0.0158376,0
fall_time_threshold,0.1041,17.6862,0,0,0.0168569,0.01389,0
median_grainsize,658.823,20.4386,0,0,24.9318,3.54962,1
plume_height,0.0562159,15.5839,0,0,0.00505998,0.00427384,0
std_grainsize,0.352875,16.6731,0,0,0.168581,0.139979,0
