group,mean_change,std_change,num_at_near_bounds,percent_at_near_bounds,initial_cv,current_cv,num_cv_dec
wind0,136.855,72.9141,0,0,5.44538,0.665485,23
beta,31.3656,64.844,0,0,0.331729,0.169918,0
diffusion_coefficient,11.0436,87.4371,0,0,0.0768345,0.010851,1
eruption_mass,2.59384,79.6443,0,0,0.021144,0.0041952,1
fall_time_threshold,0.260746,68.834,0,0,0.0166074,0.00518938,0
median_grainsize,137.696,84.4233,0,0,0.623401,0.257599,0
plume_height,0.406311,65.8277,0,0,0.0050599,0.00173614,0
std_grainsize,14.3214,73.5357,0,0,0.168848,0.0390868,1
