group,mean_change,std_change,num_at_near_bounds,percent_at_near_bounds,initial_cv,current_cv,num_cv_dec
wind0,50.0476,16.9032,1,0,5.44538,4.02716,3
beta,3.56002,15.0494,0,0,0.331729,0.292208,0
diffusion_coefficient,0.421999,17.4965,0,0,0.0768345,0.0636598,0
eruption_mass,0.232104,20.5234,0,0,0.021144,0.0167656,0
fall_time_threshold,0.031649,13.518,0,0,0.0166074,0.0143669,0
median_grainsize,14.671,17.0265,0,0,0.623401,0.606192,0
plume_height,0.0160621,14.0361,0,0,0.0050599,0.00434899,0
std_grainsize,0.622847,17.2238,0,0,0.168848,0.138901,0
