group,mean_change,std_change,num_at_near_bounds,percent_at_near_bounds,initial_cv,current_cv,num_cv_dec
wind0,30.2698,6.24252,9,0,5.44538,3.70356,2
beta,0.35085,6.27669,0,0,0.331729,0.312002,0
diffusion_coefficient,0.0690368,7.77519,0,0,0.0768345,0.0709094,0
eruption_mass,0.0319881,7.82415,0,0,0.021144,0.0194959,0
fall_time_threshold,0.0122765,5.42092,0,0,0.0166074,0.0157052,0
median_grainsize,2.24675,5.78116,0,0,0.623401,0.600861,0
plume_height,0.000454769,5.55361,0,0,0.0050599,0.00477887,0
std_grainsize,0.102171,7.58984,0,0,0.168848,0.156193,0
