group,mean_change,std_change,num_at_near_bounds,percent_at_near_bounds,initial_cv,current_cv,num_cv_dec
wind0,0,0,0,0,0,0,0
wind1,0,0,0,0,0,0,0
wind2,0,0,0,0,0,0,0
wind5,0,0,0,0,0,0,0
wind3,254.002,66.7207,0,0,4.60199,7.92858,16
wind4,0,0,0,0,0,0,0
eruption_mass,0.475388,85.3848,0,0,0.0159172,0.00231533,1
median_grainsize,27.6325,90.5929,0,0,0.608432,0.0790908,1
plume_height,0.12891,71.3626,0,0,0.00478647,0.00136896,1
std_grainsize,43.2498,82.9331,0,0,0.160803,0.0483595,0
