group,mean_change,std_change,num_at_near_bounds,percent_at_near_bounds,initial_cv,current_cv,num_cv_dec
wind0,0,0,0,0,0,0,0
wind1,0,0,0,0,0,0,0
wind2,0,0,0,0,0,0,0
wind5,0,0,0,0,0,0,0
wind3,266.352,58.8282,0,0,4.60199,0.404166,13
wind4,0,0,0,0,0,0,0
eruption_mass,0.74296,72.2673,0,0,0.0159172,0.00438172,1
median_grainsize,26.2627,72.2412,0,0,0.608432,0.229047,0
plume_height,0.135664,59.298,0,0,0.00478647,0.00194555,0
std_grainsize,24.8548,62.1373,0,0,0.160803,0.0810221,0
