group,mean_change,std_change,num_at_near_bounds,percent_at_near_bounds,initial_cv,current_cv,num_cv_dec
wind0,0,0,0,0,0,0,0
wind1,0,0,0,0,0,0,0
wind2,0,0,0,0,0,0,0
wind5,0,0,0,0,0,0,0
wind3,253.311,66.2953,0,0,4.60199,0.536172,16
wind4,0,0,0,0,0,0,0
eruption_mass,0.512776,87.504,0,0,0.0159172,0.00197887,1
median_grainsize,27.0689,91.5712,0,0,0.608432,0.0703176,1
plume_height,0.128892,72.5975,0,0,0.00478647,0.00130992,1
std_grainsize,44.6926,89.6746,0,0,0.160803,0.0300204,1
