group,mean_change,std_change,num_at_near_bounds,percent_at_near_bounds,initial_cv,current_cv,num_cv_dec
wind0,0,0,0,0,0,0,0
wind1,0,0,0,0,0,0,0
wind2,0,0,0,0,0,0,0
wind5,0,0,0,0,0,0,0
wind3,246.157,65.01,0,0,4.60199,0.465196,17
wind4,0,0,0,0,0,0,0
eruption_mass,0.513061,86.8005,0,0,0.0159172,0.00209028,1
median_grainsize,28.3658,92.2524,0,0,0.608432,0.0658047,1
plume_height,0.0944411,59.9536,0,0,0.00478647,0.001915,0
std_grainsize,45.1277,93.6034,0,0,0.160803,0.0187452,1
