group,mean_change,std_change,num_at_near_bounds,percent_at_near_bounds,initial_cv,current_cv,num_cv_dec
wind0,0,0,0,0,0,0,0
wind1,0,0,0,0,0,0,0
wind2,0,0,0,0,0,0,0
wind5,0,0,0,0,0,0,0
wind3,248.67,64.9247,0,0,4.60199,0.451765,17
wind4,0,0,0,0,0,0,0
eruption_mass,0.525673,87.392,0,0,0.0159172,0.00199635,1
median_grainsize,28.0281,92.2404,0,0,0.608432,0.0655973,1
plume_height,0.110251,62.5493,0,0,0.00478647,0.00179059,0
std_grainsize,45.0122,92.8248,0,0,0.160803,0.0209826,1
