group,mean_change,std_change,num_at_near_bounds,percent_at_near_bounds,initial_cv,current_cv,num_cv_dec
wind0,0,0,0,0,0,0,0
wind1,0,0,0,0,0,0,0
wind2,0,0,0,0,0,0,0
wind5,0,0,0,0,0,0,0
wind3,232.815,48.3693,0,0,4.60199,1.19644,12
wind4,0,0,0,0,0,0,0
eruption_mass,0.3363,60.5237,0,0,0.0159172,0.00626246,0
median_grainsize,54.8158,56.3137,0,0,0.608432,0.588261,0
plume_height,0.0636882,46.8002,0,0,0.00478647,0.00254477,0
std_grainsize,9.18329,53.2756,0,0,0.160803,0.0827316,0
