group,mean_change,std_change,num_at_near_bounds,percent_at_near_bounds,initial_cv,current_cv,num_cv_dec
wind0,0,0,0,0,0,0,0
wind1,0,0,0,0,0,0,0
wind2,0,0,0,0,0,0,0
wind5,0,0,0,0,0,0,0
wind3,249.686,65.4299,0,0,4.60199,0.449479,18
wind4,0,0,0,0,0,0,0
eruption_mass,0.530081,87.9264,0,0,0.0159172,0.00191165,1
median_grainsize,27.4818,92.2531,0,0,0.608432,0.0649968,1
plume_height,0.115804,66.4122,0,0,0.00478647,0.00160581,0
std_grainsize,44.9139,92.0964,0,0,0.160803,0.0230714,1
