group,mean_change,std_change,num_at_near_bounds,percent_at_near_bounds,initial_cv,current_cv,num_cv_dec
wind0,0,0,0,0,0,0,0
wind1,0,0,0,0,0,0,0
wind2,0,0,0,0,0,0,0
wind5,0,0,0,0,0,0,0
wind3,256.323,65.5539,0,0,4.60199,0.620475,14
wind4,0,0,0,0,0,0,0
eruption_mass,0.474616,82.8744,0,0,0.0159172,0.00271304,1
median_grainsize,27.2354,88.2825,0,0,0.608432,0.0979773,1
plume_height,0.123432,66.9796,0,0,0.00478647,0.00157856,0
std_grainsize,37.3809,73.6392,0,0,0.160803,0.0676931,0
