group,mean_change,std_change,num_at_near_bounds,percent_at_near_bounds,initial_cv,current_cv,num_cv_dec
wind0,0,0,0,0,0,0,0
wind1,0,0,0,0,0,0,0
wind2,0,0,0,0,0,0,0
wind5,0,0,0,0,0,0,0
wind3,45.1982,21.3467,3,0,4.60199,2.71772,3
wind4,0,0,0,0,0,0,0
eruption_mass,0.137585,33.6091,0,0,0.0159172,0.0105531,0
median_grainsize,36.9752,28.3497,0,0,0.608432,0.691701,0
plume_height,0.0300626,21.8855,0,0,0.00478647,0.0037378,0
std_grainsize,4.55696,11.8239,0,0,0.160803,0.13561,0
